Name,Screen Name,Constituency,Party,Followers
Adam Afriyie,@AdamAfriyie,Windsor,Conservative,13346
Alan Duncan,@AlanDuncanMP,Rutland and Melton,Conservative,23261
Alan Mak,@AlanMakMP,Havant,Conservative,7648
Alberto Costa,@AlbertoCostaMP,South Leicestershire,Conservative,8143
Alec Shelbrooke,@AlecShelbrooke,Elmet and Rothwell,Conservative,14277
Alex Burghart,@alexburghart,Brentwood and Ongar,Conservative,2892
Alex Chalk,@AlexChalkChelt,Cheltenham,Conservative,7131
Alistair Burt,@AlistairBurtUK,North East Bedfordshire,Conservative,25045
Alok Sharma,@AlokSharma_RDG,Reading West,Conservative,11988
Alun Cairns,@AlunCairns,Vale of Glamorgan,Conservative,12777
Amanda Milling,@amandamilling,Cannock Chase,Conservative,7157
Amber Rudd,@AmberRuddHR,Hastings and Rye,Conservative,90159
Andrea Jenkyns,@andreajenkyns,Morley and Outwood,Conservative,43859
Andrea Leadsom,@andrealeadsom,South Northamptonshire,Conservative,89965
Andrew Bowie,@AndrewBowieMP,West Aberdeenshire and Kincardine,Conservative,4784
Andrew Bridgen,@ABridgen,North West Leicestershire,Conservative,23152
Andrew Jones,@AJonesMP,Harrogate and Knaresborough,Conservative,13817
Andrew Lewer,@ALewerMBE,Northampton South,Conservative,3634
Andrew Rosindell,@AndrewRosindell,Romford,Conservative,14466
Andrew Selous,@AndrewSelous,South West Bedfordshire,Conservative,17341
Andrew Stephenson,@Andrew4Pendle,Pendle,Conservative,19928
Anne Marie Morris,@AnneMarieMorris,Newton Abbot,Conservative,17741
Anne Milton,@AnneMilton,Guildford,Conservative,14814
Anne-Marie Trevelyan,@annietrev,Berwick-upon-Tweed,Conservative,12006
Antoinette Sandbach,@Sandbach,Eddisbury,Conservative,11646
Ben Bradley,@bbradleymp,Mansfield,Conservative,10833
Ben Wallace,@BWallaceMP,Wyre and Preston North,Conservative,5676
Bernard Jenkin,@bernardjenkin,Harwich and North Essex,Conservative,28128
Bim Afolami,@BimAfolami,Hitchin and Harpenden,Conservative,6650
Bob Blackman,@BobBlackman,Harrow East,Conservative,11605
Bob Seely,@IoWBobSeely,Isle of Wight,Conservative,5559
Boris Johnson,@BorisJohnson,Uxbridge and South Ruislip,Conservative,552428
Brandon Lewis,@BrandonLewis,Great Yarmouth,Conservative,44806
Caroline Dinenage,@cj_dinenage,Gosport,Conservative,16711
Caroline Nokes,@carolinenokes,Romsey and Southampton North,Conservative,13470
Caroline Spelman,@spelmanc,Meriden,Conservative,8094
Charlie Elphicke,@CharlieElphicke,Dover,Conservative,16323
Cheryl Gillan,@CherylGillan,Chesham and Amersham,Conservative,12365
Chloe Smith,@NorwichChloe,Norwich North,Conservative,16516
Chris Green,@CGreenUK,Bolton West,Conservative,6849
Chris Heaton-Harris,@chhcalling,Daventry,Conservative,17695
Chris Philp,@CPhilpOfficial,Croydon South,Conservative,7264
Chris Skidmore,@CSkidmoreUK,Kingswood,Conservative,16639
Christopher Pincher,@ChrisPincher,Tamworth,Conservative,13364
Claire Perry,@claireperrymp,Devizes,Conservative,7777
Colin Clark,@Colin_J_Clark,Gordon,Conservative,2165
Conor Burns,@ConorBurnsUK,Bournemouth West,Conservative,18314
Craig Mackinlay,@cmackinlay,South Thanet,Conservative,7892
Craig Tracey,@craig4nwarks,North Warwickshire,Conservative,6162
Craig Whittaker,@CWhittakerMP,Calder Valley,Conservative,7679
Crispin Blunt,@CrispinBlunt,Reigate,Conservative,9984
Damian Collins,@DamianCollins,Folkestone and Hythe,Conservative,27631
Damian Green,@DamianGreen,Ashford,Conservative,16539
Damian Hinds,@DamianHinds,East Hampshire,Conservative,33673
Damien Moore,@damienmooremp,Southport,Conservative,2025
Daniel Kawczynski,@DKShrewsbury,Shrewsbury and Atcham,Conservative,17160
David Amess,@amessd_southend,Southend West,Conservative,1665
David Davis,@daviddavismp,Haltemprice and Howden,Conservative,122319
David Duguid,@DavidDuguidMP,Banff and Buchan,Conservative,1078
David Evennett,@DavidEvennett,Bexleyheath and Crayford,Conservative,12025
David Gauke,@DavidGauke,South West Hertfordshire,Conservative,18138
David Lidington,@DLidington,Aylesbury,Conservative,24163
David Morris,@davidmorrisml,Morecambe and Lunesdale,Conservative,11658
David Mundell,@DavidMundellDCT,"Dumfriesshire, Clydesdale and Tweeddale",Conservative,14849
David Rutley,@DavidRutley,Macclesfield,Conservative,11760
David T. C. Davies,@DavidTCDavies,Monmouth,Conservative,14790
David Warburton,@DJWarburton,Somerton and Frome,Conservative,11308
Derek Thomas,@DerekThomasUK,St Ives,Conservative,3202
Desmond Swayne,@DesmondSwayne,New Forest West,Conservative,5098
Dominic Raab,@DominicRaab,Esher and Walton,Conservative,46103
Douglas Ross,@Douglas4Moray,Moray,Conservative,7645
Dr Andrew Murrison,@AWMurrison,South West Wiltshire,Conservative,11805
Dr Caroline Johnson,@drcarolinej,Sleaford and North Hykeham,Conservative,3647
Dr Liam Fox,@LiamFox,North Somerset,Conservative,82587
Dr Phillip Lee,@DrPhillipLeeMP,Bracknell,Conservative,27978
Dr Thérèse Coffey,@theresecoffey,Suffolk Coastal,Conservative,17913
Eddie Hughes,@EddieHughes4WN,Walsall North,Conservative,4415
Edward Leigh,@EdwardLeighMP,Gainsborough,Conservative,6226
Edward Vaizey,@edvaizey,Wantage,Conservative,39849
Eleanor Laing,@eleanor4epping,Epping Forest,Conservative,2034
Elizabeth Truss,@trussliz,South West Norfolk,Conservative,55474
Esther McVey,@EstherMcVey1,Tatton,Conservative,29079
Gary Streeter,@garystreeterSWD,South West Devon,Conservative,2942
Gavin Williamson,@GavinWilliamson,South Staffordshire,Conservative,44593
Geoffrey Cox QC,@geoffrey_cox,Torridge and West Devon,Conservative,29355
George Freeman,GeorgeFreemanMP,Mid Norfolk,Conservative,24921
Giles Watling,@GilesWatling,Clacton,Conservative,2647
Gillian Keegan,@GillianKeegan,Chichester,Conservative,5293
Glyn Davies,@GlynDavies,Montgomeryshire,Conservative,6460
Graham Stuart,@grahamstuart,Beverley and Holderness,Conservative,13429
Grant Shapps,@grantshapps,Welwyn Hatfield,Conservative,84819
Greg Clark,@GregClarkMP,Tunbridge Wells,Conservative,28591
Greg Hands,@GregHands,Chelsea and Fulham,Conservative,28083
Greg Knight,@GregKnight,East Yorkshire,Conservative,8178
Guto Bebb,@GutoAberconwy,Aberconwy,Conservative,2264
Guy Opperman,@GuyOpperman,Hexham,Conservative,13657
Harriett Baldwin,@hbaldwin,West Worcestershire,Conservative,25544
Heather Wheeler,@HeatherWheeler,South Derbyshire,Conservative,15782
Helen Grant,@HelenGrantMP,Maidstone and The Weald,Conservative,15779
Helen Whately,@Helen_Whately,Faversham and Mid Kent,Conservative,8399
Henry Smith,@HenrySmithUK,Crawley,Conservative,12911
Hugo Swire,@HugoSwire,East Devon,Conservative,17354
Huw Merriman,@HuwMerriman,Bexhill and Battle,Conservative,8209
Iain Stewart,@iainastewart,Milton Keynes South,Conservative,14984
Jack Lopresti,@JackLopresti,Filton and Bradley Stoke,Conservative,6111
Jackie Doyle-Price,@JackieDP,Thurrock,Conservative,8039
Jacob Rees-Mogg,@Jacob_Rees_Mogg,North East Somerset,Conservative,276399
Jake Berry,@JakeBerry,Rossendale and Darwen,Conservative,16130
James Brokenshire,@JBrokenshire,Old Bexley and Sidcup,Conservative,26743
James Cartlidge,@jc4southsuffolk,South Suffolk,Conservative,7182
James Cleverly,@JamesCleverly,Braintree,Conservative,46236
James Duddridge,@JamesDuddridge,Rochford and Southend East,Conservative,14999
James Gray,@JGray,North Wiltshire,Conservative,15662
James Heappey,@JSHeappey,Wells,Conservative,8512
James Morris,@JamesMorris,Halesowen and Rowley Regis,Conservative,7144
Jeremy Hunt,@Jeremy_Hunt,South West Surrey,Conservative,160547
Jeremy Lefroy,@JeremyLefroy,Stafford,Conservative,11255
Jesse Norman,@Jesse_Norman,Hereford and South Herefordshire,Conservative,23487
Jo Churchill,@Jochurchill4,Bury St Edmunds,Conservative,7513
John Glen,@JohnGlenUK,Salisbury,Conservative,19990
John Howell,@JHowellUK,Henley,Conservative,5031
John Lamont,@John2Win,"Berwickshire, Roxburgh and Selkirk",Conservative,7730
John Penrose,@johnpenrosenews,Weston-super-Mare,Conservative,38163
John Redwood,@johnredwood,Wokingham,Conservative,60226
John Stevenson,@JohnStevensonMP,Carlisle,Conservative,10674
John Whittingdale,@JWhittingdale,Maldon,Conservative,7533
Johnny Mercer,@JohnnyMercerUK,"Plymouth, Moor View",Conservative,61301
Jonathan Djanogly,@JDjanogly,Huntingdon,Conservative,16664
Jonathan Lord,@JonathanLord,Woking,Conservative,1144
Joseph Johnson,@JoJohnsonUK,Orpington,Conservative,33207
Julia Lopez,@JuliaLopezMP,Hornchurch and Upminster,Conservative,3892
Julian Knight,@julianknight15,Solihull,Conservative,6727
Julian Smith,@JulianSmithUK,Skipton and Ripon,Conservative,18069
Justin Tomlinson,@JustinTomlinson,North Swindon,Conservative,17711
Justine Greening,@JustineGreening,Putney,Conservative,71498
Keith Simpson ,@KeithSimpsonMP,Broadland,Conservative,0
Kelly Tolhurst,@KellyTolhurst,Rochester and Strood,Conservative,11669
Kemi Badenoch,@KemiBadenoch,Saffron Walden,Conservative,11380
Kevin Foster,@kevin_j_foster,Torbay,Conservative,5400
Kevin Hollinrake,@kevinhollinrake,Thirsk and Malton,Conservative,8118
Kirstene Hair,@Kirstene4Angus,Angus,Conservative,6458
Kit Malthouse,@kitmalthouse,North West Hampshire,Conservative,10557
Kwasi Kwarteng,@KwasiKwarteng,Spelthorne,Conservative,7415
Laurence Robertson,@lrobertsonTewks,Tewkesbury,Conservative,2727
Lee Benjamin Rowley,@Lee4NED,North East Derbyshire,Conservative,6978
Leo Docherty,@LeoDochertyUK,Aldershot,Conservative,3700
Lucy Allan,@lucyallan,Telford,Conservative,18320
Lucy Frazer,@lucyfrazermp,South East Cambridgeshire,Conservative,4679
Luke Graham,@LukeGrahamMP,Ochil and South Perthshire,Conservative,5398
Luke Hall,@LukeHall,Thornbury and Yate,Conservative,2006
Marcus Fysh,@MarcusFysh,Yeovil,Conservative,11180
Marcus Jones,@Marcus4Nuneaton,Nuneaton,Conservative,7851
Margot James,@margot_james_mp,Stourbridge,Conservative,22136
Maria Caulfield,@mariacaulfield,Lewes,Conservative,15686
Maria Miller,@MariaMillerUK,Basingstoke,Conservative,19181
Mark Field,@MarkFieldUK,Cities of London and Westminster,Conservative,16648
Mark Garnier,@Mark4WyreForest,Wyre Forest,Conservative,13138
Mark Harper,@Mark_J_Harper,Forest of Dean,Conservative,10756
Mark Lancaster,@MarkLancasterMK,Milton Keynes North,Conservative,11425
Mark Pawsey,@MarkPawsey,Rugby,Conservative,5715
Mark Prisk,@PriskMark,Hertford and Stortford,Conservative,6145
Mark Pritchard,@MPritchardUK,The Wrekin,Conservative,9995
Mark Spencer,@Mark_Spencer,Sherwood,Conservative,12987
Martin Vickers,@MartinVickers,Cleethorpes,Conservative,10178
Mary Robinson,@MaryRobinson01,Cheadle,Conservative,6893
Matt Warman,@mattwarman,Boston and Skegness,Conservative,17028
Matthew Hancock,@MattHancock,West Suffolk,Conservative,79784
Matthew Offord,@Offord4Hendon,Hendon,Conservative,8042
Mel Stride,@MelJStride,Central Devon,Conservative,3293
Michael Ellis,@Michael_Ellis1,Northampton North,Conservative,11310
Michael Fabricant,@Mike_Fabricant,Lichfield,Conservative,33424
Michael Gove,@michaelgove,Surrey Heath,Conservative,97119
Michael Tomlinson,@Michael4MDNP,Mid Dorset and North Poole,Conservative,7832
Michelle Donelan,@michelledonelan,Chippenham,Conservative,9452
Mike Wood,@mikejwood,Dudley South,Conservative,4618
Mims Davies,@mimsdavies,Eastleigh,Conservative,11039
Nadhim Zahawi,@nadhimzahawi,Stratford-on-Avon,Conservative,27980
Nadine Dorries,@NadineDorries,Mid Bedfordshire,Conservative,53712
Neil O'Brien,@NeilDotObrien,Harborough,Conservative,8182
Neil Parish,@neil_parish,Tiverton and Honiton,Conservative,4192
Nicholas Soames,@NSoames,Mid Sussex,Conservative,55448
Nick Boles,@NickBoles,Grantham and Stamford,Conservative,47657
Nick Gibb,@NickGibbUK,Bognor Regis and Littlehampton,Conservative,14077
Nick Herbert,@nickherbertmp,Arundel and South Downs,Conservative,15633
Nick Hurd,@NickHurdUK,"Ruislip, Northwood and Pinner",Conservative,20269
Nicky Morgan,@NickyMorgan01,Loughborough,Conservative,69139
Nigel Adams,@nadams,Selby and Ainsty,Conservative,3979
Nigel Evans,@nigelmp,Ribble Valley,Conservative,8936
Nigel Huddleston,@HuddlestonNigel,Mid Worcestershire,Conservative,8656
Nigel Mills,@nigelmills,Amber Valley,Conservative,3715
Nusrat Ghani,@Nus_Ghani,Wealden,Conservative,13569
Oliver Heald QC,@OliverHealdUK,North East Hertfordshire,Conservative,9275
Oliver Letwin,@oletwinofficial,West Dorset,Conservative,9704
Owen Paterson,@OwenPaterson,North Shropshire,Conservative,29683
Patrick McLoughlin,@Patrick4Dales,Derbyshire Dales,Conservative,5571
Paul Masterton,@PM4EastRen,East Renfrewshire,Conservative,7159
Paul Maynard,@PaulMaynardUK,Blackpool North and Cleveleys,Conservative,17865
Paul Scully,@scullyp,Sutton and Cheam,Conservative,8961
Pauline Latham,@Pauline_Latham,Mid Derbyshire,Conservative,16265
Penny Mordaunt,@PennyMordaunt,Portsmouth North,Conservative,56692
Peter Aldous,@peter_aldous,Waveney,Conservative,8851
Peter Bone,@PeterBoneUK,Wellingborough,Conservative,27242
Peter Heaton-Jones,@PeterNorthDevon,North Devon,Conservative,4538
Philip Davies,@PhilipDaviesUK,Shipley,Conservative,19485
Philip Dunne,@Dunne4Ludlow,Ludlow,Conservative,8317
Philip Hammond,@PhilipHammondUK,Runnymede and Weybridge,Conservative,99895
Priti Patel,@patel4witham,Witham,Conservative,57892
Rachel Maclean,@redditchrachel,Redditch,Conservative,5364
Ranil Jayawardena,@TeamRanil,North East Hampshire,Conservative,1063
Rebecca Harris,@RebeccaHarrisMP,Castle Point,Conservative,5419
Rebecca Pow,@pow_rebecca,Taunton Deane,Conservative,8424
Rehman Chishti,@Rehman_Chishti,Gillingham and Rainham,Conservative,15193
Richard Bacon,@richardbaconmp,South Norfolk     ,Conservative,947
Richard Benyon,@RichardBenyonMP,Newbury,Conservative,16213
Richard Graham,@RichardGrahamUK,Gloucester,Conservative,9548
Richard Harrington,@Richard4Watford,Watford,Conservative,14843
Robert Buckland,@RobertBuckland,South Swindon,Conservative,17962
Robert Courts,@robertcourts,Witney,Conservative,6152
Robert Halfon,@halfon4harlowMP,Harlow,Conservative,29442
Robert Jenrick,@RobertJenrick,Newark,Conservative,16341
Robert Neill,@neill_bob,Bromley and Chislehurst,Conservative,11985
Robert Syms,@RobertSyms,Poole,Conservative,6709
Robin Walker,@WalkerWorcester,Worcester,Conservative,12318
Rory Stewart,@RoryStewartUK,Penrith and The Border,Conservative,56762
Ross Thomson,@RossThomson_MP,Aberdeen South,Conservative,12562
Royston Smith,@Royston_Smith,"Southampton, Itchen",Conservative,5325
Sajid Javid,@sajidjavid,Bromsgrove,Conservative,112238
Sam Gyimah,@SamGyimah,East Surrey,Conservative,35922
Sarah Newton,@SNewtonUK,Truro and Falmouth,Conservative,7492
Scott Mann,@scottmann4NC,North Cornwall,Conservative,6558
Seema Kennedy,@SeemaKennedy,South Ribble,Conservative,8714
Sheryll Murray,@sheryllmurray,South East Cornwall,Conservative,16110
Simon Clarke,@SimonClarkeMP,Middlesbrough South and East Cleveland,Conservative,7007
Simon Hart,@Simonhartmp,Carmarthen West and South Pembrokeshire,Conservative,6429
Simon Hoare,@Simon4NDorset,North Dorset,Conservative,8151
Stephen Barclay,@SteveBarclay,North East Cambridgeshire,Conservative,18094
Stephen Crabb,@SCrabbPembs,Preseli Pembrokeshire,Conservative,22626
Stephen Hammond,@S_Hammond,Wimbledon,Conservative,15500
Stephen Kerr,@stephenkerrMP,Stirling,Conservative,5126
Stephen McPartland,@SMcPartland,Stevenage,Conservative,7969
Stephen Metcalfe,@Metcalfe_SBET,South Basildon and East Thurrock,Conservative,5272
Steve Brine,@BrineMinister,Winchester,Conservative,3998
Steve Double,@stevedouble,St Austell and Newquay,Conservative,8985
Steven Baker,@SteveBakerHW,Wycombe,Conservative,50072
Stuart Andrew,@StuartAndrew,Pudsey,Conservative,17418
Suella Fernandes,@SuellaBraverman,Fareham,Conservative,17857
Theresa May,@theresa_may,Maidenhead,Conservative,839341
Tim Loughton,@timloughton,East Worthing and Shoreham,Conservative,17174
Tobias Ellwood,@Tobias_Ellwood,Bournemouth East,Conservative,44001
Tom Pursglove,@VotePursglove,Corby,Conservative,10772
Tom Tugendhat,@TomTugendhat,Tonbridge and Malling,Conservative,22966
Tracey Crouch,@tracey_crouch,Chatham and Aylesford,Conservative,31479
Vicky Ford,@vickyford,Chelmsford,Conservative,12682
Victoria Prentis,@VictoriaPrentis,Banbury,Conservative,7456
Wendy Morton,@morton_wendy,Aldridge-Brownhills,Conservative,6970
Will Quince,@willquince,Colchester,Conservative,12857
William Cash,@BillCashMP,Stone,Conservative,16807
William Wragg,@William_Wragg,Hazel Grove,Conservative,8086
Zac Goldsmith,@ZacGoldsmith,Richmond Park,Conservative,78779
David Simpson,@DavidSimpsonDUP,Upper Bann,Democratic Unionist Party,3649
Emma Little-Pengelly,@little_pengelly,Belfast South,Democratic Unionist Party,12323
Gavin Robinson,@GRobinsonDUP,Belfast East,Democratic Unionist Party,11738
Jeffrey M. Donaldson,@J_Donaldson_MP,Lagan Valley,Democratic Unionist Party,16579
Jim Shannon,@JimShannonMP,Strangford,Democratic Unionist Party,2088
Nigel Dodds,@NigelDoddsDUP,Belfast North,Democratic Unionist Party,23408
Paul Girvan,@PaulGirvanMP,South Antrim,Democratic Unionist Party,4898
Sammy Wilson,@eastantrimmp,East Antrim,Democratic Unionist Party,12783
Caroline Lucas,@CarolineLucas,"Brighton, Pavilion",Green Party,381040
Adrian Bailey,@AdrianBaileyMP,West Bromwich West,Labour,3156
Afzal Khan,@Afzal4Gorton,"Manchester, Gorton",Labour,19362
Alan Campbell,@alancampbellmp,Tynemouth,Labour,4113
Albert Owen,@AlbertOwenMP,Ynys Môn,Labour,6880
Alex Cunningham,@ACunninghamMP,Stockton North,Labour,18433
Alex Norris,@ANorrisMP,Nottingham North,Labour,4400
Alex Sobel,@alexsobel,Leeds North West,Labour,13248
Alison McGovern,@Alison_McGovern,Wirral South,Labour,44820
Andrew Gwynne,@GwynneMP,Denton and Reddish,Labour,41030
Andy McDonald,@AndyMcDonaldMP,Middlesbrough,Labour,27619
Andy Slaughter,@hammersmithandy,Hammersmith,Labour,23875
Angela Eagle,@angelaeagle,Wallasey,Labour,70455
Angela Rayner,@AngelaRayner,Ashton-under-Lyne,Labour,116371
Ann Clwyd,@AnnClwyd,Cynon Valley,Labour,7672
Anna McMorrin,@annamcmorrin,Cardiff North,Labour,10170
Anna Turley,@annaturley,Redcar,Labour,24971
Anneliese Dodds,@AnnelieseDodds,Oxford East,Labour,11217
Bambos Charalambous,@BambosMP,"Enfield, Southgate",Labour,6783
Barbara Keeley,@KeeleyMP,Worsley and Eccles South,Labour,23149
Barry Gardiner,@BarryGardiner,Brent North,Labour,69536
Barry Sheerman,@BarrySheerman,Huddersfield,Labour,14004
Ben Bradshaw,@BenPBradshaw,Exeter,Labour,60179
Bill Esterson,@Bill_Esterson,Sefton Central,Labour,18704
Bridget Phillipson,@bphillipsonMP,Houghton and Sunderland South,Labour,25513
Caroline Flint,@CarolineFlintMP,Don Valley,Labour,69479
Carolyn Harris,@carolynharris24,Swansea East,Labour,15780
Cat Smith,@CatSmithMP,Lancaster and Fleetwood,Labour,35313
Catherine McKinnell,@CatMcKinnell,Newcastle upon Tyne North,Labour,23297
Catherine West,@CatherineWest1,Hornsey and Wood Green,Labour,23669
Chi Onwurah,@ChiOnwurah,Newcastle upon Tyne Central,Labour,33407
Chris Bryant,@RhonddaBryant,Rhondda,Labour,58767
Chris Elmore,@CPJElmore,Ogmore,Labour,7391
Chris Ruane,@Chris_RuaneMP,Vale of Clwyd,Labour,4534
Chris Williamson,@DerbyChrisW,Derby North,Labour,52829
Christian Matheson,@ChrisM4Chester,City of Chester,Labour,9781
Christina Rees,@Rees4Neath,Neath,Labour,8960
Christopher Evans,@ChrisEvansMP,Islwyn,Labour,5092
Clive Efford,@CliveEfford,Eltham,Labour,12200
Clive Lewis,@labourlewis,Norwich South,Labour,75147
Conor McGinn,@ConorMcGinn,St Helens North,Labour,13622
Dan Carden,@DanCardenMP,"Liverpool, Walton",Labour,18558
Dan Jarvis,@DanJarvisMP,Barnsley Central,Labour,64467
Daniel Zeichner,@DanielZeichner,Cambridge,Labour,18638
Danielle Rowley,@DaniRowley,Midlothian,Labour,8577
Darren Jones,@darrenpjones,Bristol North West,Labour,17119
David Crausby,@DavidCrausby,Bolton North East,Labour,5421
David Drew,@DavidEDrew,Stroud,Labour,6618
David Hanson,@DavidHansonMP,Delyn,Labour,18262
David Lammy,@DavidLammy,Tottenham,Labour,508625
Dawn Butler,@DawnButlerBrent,Brent Central,Labour,52803
Debbie Abrahams,@Debbie_abrahams,Oldham East and Saddleworth,Labour,38457
Derek Twigg,@DerekTwiggMP,Halton,Labour,5171
Diana Johnson,@DianaJohnsonMP,Kingston upon Hull North,Labour,23785
Diane Abbott,@HackneyAbbott,Hackney North and Stoke Newington,Labour,261829
Dr Alan Whitehead,@alanwhiteheadmp,"Southampton, Test",Labour,6765
Dr Roberta Blackman-Woods,@robertabwMP,City of Durham,Labour,21116
Dr Rosena Allin-Khan,@DrRosena,Tooting,Labour,40630
Dr Rupa Huq,@RupaHuq,Ealing Central and Acton,Labour,36774
Edward Miliband,@Ed_Miliband,Doncaster North,Labour,747611
Eleanor Smith,@Eleanor_SmithMP,Wolverhampton,Labour,6866
Ellie Reeves,@elliereeves,Lewisham West and Penge,Labour,14256
Emily Thornberry,@EmilyThornberry,Islington South and Finsbury,Labour,148203
Emma Dent Coad,@emmadentcoad,Kensington,Labour,14328
Emma Hardy,@EmmaHardyMP,Kingston upon Hull West and Hessle,Labour,17311
Emma Lewell-Buck,@EmmaLewellBuck,South Shields,Labour,18714
Emma Reynolds,@EmmaReynoldsMP,Wolverhampton North East,Labour,22800
Fabian Hamilton,@FabianLeedsNE,Leeds North East,Labour,3738
Faisal Rashid,@FaisalRashid6,Warrington South,Labour,3968
Fiona Onasanya,@Fiona_Onasanya,Peterborough,Labour,6
Frank Field,@frankfieldteam,Birkenhead,Labour,25943
Gareth Snell,@gareth_snell,Stoke-on-Trent Central,Labour,6851
Gareth Thomas,@GarethThomasMP,Harrow West,Labour,13423
Geoffrey Robinson,@Geoffrey4CovNW,Coventry North West,Labour,1223
Geraint Davies,@GeraintDaviesMP,Swansea West,Labour,13487
Gerald Jones,@GeraldJonesLAB,Merthyr Tydfil and Rhymney,Labour,5846
Gerard Killen,@Gedk,Rutherglen and Hamilton West,Labour,5036
Gill Furniss,@GillFurnissMP,"Sheffield, Brightside and Hillsborough",Labour,4339
Gloria De Piero,@GloriaDePiero,Ashfield,Labour,50077
Gordon Marsden,@GordonMarsden,Blackpool South,Labour,8369
Graham Jones,@GrahamJones_MP,Hyndburn,Labour,8883
Grahame Morris,@grahamemorris,Easington,Labour,29495
Harriet Harman QC,@harrietharman,Camberwell and Peckham,Labour,162071
Helen Goodman,@HelenGoodmanMP,Bishop Auckland,Labour,19792
Helen Hayes,@helenhayes_,Dulwich and West Norwood,Labour,15771
Helen Jones,@HelenJonesMP,Warrington North,Labour,7887
Hilary Benn,@hilarybennmp,Leeds Central,Labour,115449
Holly Lynch,@hollylynch5,Halifax,Labour,14695
Hugh Gaffney,@HughGaffneyMP,"Coatbridge, Chryston and Bellshill",Labour,7577
Ian Austin,@IanAustinMP,Dudley North,Labour,25036
Ian C. Lucas,@IanCLucas,Wrexham,Labour,13062
Ian Lavery,@IanLaveryMP,Wansbeck,Labour,39461
Ian Mearns,@IanMearnsMP,Gateshead,Labour,23759
Ian Murray,@IanMurrayMP,Edinburgh South,Labour,19411
Imran Hussain,@Imran_HussainMP,Bradford East,Labour,13173
Ivan Lewis,@IvanLewis_MP,Bury South,Labour,15482
Jack Dromey,@JackDromeyMP,"Birmingham, Erdington",Labour,22144
James Frith,@JamesFrith,Bury North  ,Labour,8316
Janet Daby,@JanetDaby,Lewisham East,Labour,6667
Jeff Smith,@JeffSmithetc,"Manchester, Withington",Labour,7954
Jenny Chapman,@JennyChapman,Darlington,Labour,18613
Jeremy Corbyn,@jeremycorbyn,Islington North,Labour,1959517
Jess Phillips,@jessphillips,"Birmingham, Yardley",Labour,197999
Jessica Morden,@jessicamordenmp,Newport East,Labour,10013
Jim Cunningham,@jimforcovsouth,Coventry South,Labour,1657
Jim Fitzpatrick,@FitzMP,Poplar and Limehouse,Labour,13894
Jim McMahon,@JimfromOldham,Oldham West and Royton,Labour,19172
Jo Platt,@JoPlattMP,Leigh,Labour,9098
Jo Stevens,@JoStevensLabour,Cardiff Central,Labour,21022
John Cryer,@JohnCryerMP,Leyton and Wanstead,Labour,4036
John Healey,@JohnHealey_MP,Wentworth and Dearne,Labour,24902
John Mann,@JohnMannMP,Bassetlaw,Labour,29902
John McDonnell,@johnmcdonnellMP,Hayes and Harlington,Labour,201252
John Spellar,@spellar,Warley,Labour,9593
John Woodcock,@JWoodcockMP,Barrow and Furness,Labour,40035
Jon Cruddas,@JonCruddas_1,Dagenham and Rainham,Labour,18832
Jon Trickett,@jon_trickett,Hemsworth,Labour,22397
Jonathan Ashworth,@JonAshworth,Leicester South,Labour,58821
Jonathan Reynolds,@jreynoldsMP,Stalybridge and Hyde,Labour,35937
Judith Cummins,@JudithCummins,Bradford South,Labour,11133
Julie Cooper,@JulieForBurnley,Burnley,Labour,7387
Julie Elliott,@JulieElliottMP,Sunderland Central,Labour,17003
Justin Madders,@justinmadders,Ellesmere Port and Neston,Labour,11391
Karen Buck,@KarenPBuckMP,Westminster North,Labour,14755
Karen Lee,@KarenLeeMP,Lincoln,Labour,9905
Karin Smyth,@karinsmyth,Bristol South,Labour,8958
Karl Turner,@KarlTurnerMP,Kingston upon Hull East,Labour,25074
Kate Green,@KateGreenSU,Stretford and Urmston,Labour,32301
Kate Hoey,@KateHoeyMP,Vauxhall,Labour,60403
Kate Hollern,@Kate_HollernMP,Blackburn,Labour,6157
Kate Osamor,@KateOsamor,Edmonton,Labour,28710
Keir Starmer,@Keir_Starmer,Holborn and St Pancras,Labour,166693
Keith Vaz ,@Keith_Vaz_MP,Leicester East ,Labour,0
Kerry McCarthy,@KerryMP,Bristol East,Labour,30989
Kevan Jones,@KevanJonesMP,North Durham,Labour,19091
Kevin Barron,@KevinBarronMP,Rother Valley,Labour,4607
Kevin Brennan,@KevinBrennanMP,Cardiff West,Labour,17931
Khalid Mahmood,@khalid4PB,"Birmingham, Perry Barr",Labour,3971
Laura Pidcock,@LauraPidcockMP,North West Durham,Labour,51576
Laura Smith,@LauraSmithMP,Crewe and Nantwich,Labour,18358
Lesley Laird,@LesleyLaird,Kirkcaldy and Cowdenbeath,Labour,4729
Liam Byrne,@LiamByrneMP,"Birmingham, Hodge Hill",Labour,32668
Lilian Greenwood,@LilianGreenwood,Nottingham South,Labour,25533
Lindsay Hoyle,@LindsayHoyle_MP,Chorley,Labour,12970
Lisa Nandy,@lisanandy,Wigan,Labour,65166
Liz Kendall,@leicesterliz,Leicester West,Labour,88581
Liz McInnes,@LizMcInnes_MP,Heywood and Middleton,Labour,15010
Liz Twist,@LizTwistMP,Blaydon,Labour,2234
Lloyd Russell-Moyle,@lloyd_rm,"Brighton, Kemptown",Labour,20140
Louise Ellman,@LouiseEllman,"Liverpool, Riverside",Labour,32380
Louise Haigh,@LouHaigh,"Sheffield, Heeley",Labour,28658
Lucy Powell,@LucyMPowell,Manchester Central,Labour,44738
Luke Pollard,@LukePollard,"Plymouth, Sutton and Devonport",Labour,17364
Lyn Brown,@lynbrownmp,West Ham,Labour,10419
Madeleine Moon,@MadeleineMoon,Bridgend,Labour,8982
Margaret Greenwood,@MGreenwoodWW,Wirral West,Labour,14314
Margaret Hodge,@margarethodge,Barking,Labour,37694
Maria Eagle,@meaglemp,Garston and Halewood,Labour,44960
Marie Rimmer,@MarieRimmer,St Helens South and Whiston,Labour,9815
Mark Hendrick,@MpHendrick,Preston,Labour,3846
Mark Tami,@MarkTamiMP,Alyn and Deeside,Labour,6663
Marsha de Cordova,@Marshadecordova,Battersea,Labour,20289
Martin Whitfield,@MartWhitfieldMP,East Lothian,Labour,3874
Mary Creagh,@MaryCreaghMP,Wakefield,Labour,38348
Mary Glindon,@GlindonMary,North Tyneside,Labour,1559
Matt Rodda,@MattRodda,Reading East,Labour,3873
Matt Western,@MattWestern_,Warwick and Leamington,Labour,4490
Matthew Pennycook,@mtpennycook,Greenwich and Woolwich,Labour,14543
Meg Hillier,@Meg_HillierMP,Hackney South and Shoreditch,Labour,16715
Melanie Onn,@OnnMel,Great Grimsby,Labour,18532
Mike Amesbury,@MikeAmesburyMP,Weaver Vale,Labour,6811
Mike Hill,@MikeHillMP,Hartlepool,Labour,2106
Mike Kane,@MikeKaneMP,Wythenshawe and Sale East,Labour,9523
Mohammad Yasin,@yasinmpbedford,Bedford,Labour,1310
Naz Shah,@NazShahBfd,Bradford West,Labour,29673
Neil Coyle,@coyleneil,Bermondsey and Old Southwark,Labour,18322
Nia Griffith,@NiaGriffithMP,Llanelli,Labour,15231
Nic Dakin,@NicDakinMP,Scunthorpe,Labour,16362
Nick Smith,@BlaenauGwentMP,Blaenau Gwent,Labour,8044
Nick Thomas-Symonds,@NickTorfaenMP,Torfaen,Labour,8569
Owen Smith,@OwenSmith_MP,Pontypridd,Labour,74275
Pat McFadden,@patmcfaddenmp,Wolverhampton South East,Labour,20699
Paul Blomfield,@PaulBlomfieldMP,Sheffield Central,Labour,18231
Paul Daniel Williams,@PaulWilliamsMP,Stockton South,Labour,9783
Paul Sweeney,@PaulJSweeney,Glasgow North East,Labour,12559
Paula Sherriff,@paulasherriff,Dewsbury,Labour,19937
Peter Dowd,@Peter_Dowd,Bootle,Labour,10701
Peter Kyle,@peterkyle,Hove,Labour,21918
Phil Wilson,@MPphilwilson,Sedgefield,Labour,20982
Preet Gill,@PreetKGillMP,"Birmingham, Edgbaston",Labour,15627
Rachael Maskell,@RachaelMaskell,York Central,Labour,20213
Rachel Reeves,@RachelReevesMP,Leeds West,Labour,80515
Rebecca Long-Bailey,@RLong_Bailey,Salford and Eccles,Labour,56829
Richard Burden,@RichardBurdenMP,"Birmingham, Northfield",Labour,17480
Richard Burgon,@RichardBurgon,Leeds East,Labour,64682
Roger Godsiff,@RogerGodsiff,"Birmingham, Hall Green",Labour,11688
Rosie Cooper,@rosie4westlancs,West Lancashire,Labour,11223
Rosie Duffield,@RosieDuffield1,Canterbury,Labour,12411
Rushanara Ali,@rushanaraali,Bethnal Green and Bow,Labour,32359
Ruth Cadbury,@RuthCadbury,Brentford and Isleworth,Labour,17746
Ruth George,@RuthGeorge6,High Peak,Labour,3021
Ruth Smeeth,@RuthSmeeth,Stoke-on-Trent North,Labour,17314
Sandy Martin,@sandyofipswich,Ipswich,Labour,5503
Sarah Champion,@SarahChampionMP,Rotherham,Labour,40862
Sarah Jones,@LabourSJ,Croydon Central,Labour,11822
Seema Malhotra,@SeemaMalhotra1,Feltham and Heston,Labour,22499
Shabana Mahmood,@ShabanaMahmood,"Birmingham, Ladywood",Labour,18744
Sharon Hodgson,@SharonHodgsonMP,Washington and Sunderland West,Labour,30406
Siobhain McDonagh,@Siobhain_MP,Mitcham and Morden,Labour,16364
Stella Creasy,@stellacreasy,Walthamstow,Labour,120862
Stephanie Peacock,@Steph_Peacock,Barnsley East,Labour,6477
Stephen Doughty,@SDoughtyMP,Cardiff South and Penarth,Labour,22926
Stephen Hepburn,@jarrowstevemp,Jarrow,Labour,3889
Stephen Kinnock,@SKinnock,Aberavon,Labour,23083
Stephen Morgan,@StephenMorganMP,Portsmouth South,Labour,6080
Stephen Timms,@stephenctimms,East Ham,Labour,14366
Stephen Twigg,@StephenTwigg,"Liverpool, West Derby",Labour,36933
Steve McCabe,@steve_mccabe,"Birmingham, Selly Oak",Labour,16060
Steve Reed,@SteveReedMP,Croydon North,Labour,26633
Sue Hayman,@SueHayman1,Workington,Labour,11104
Susan Elan Jones,@susanelanjones,Clwyd South,Labour,5127
Tanmanjit Singh Dhesi,@TanDhesi,Slough,Labour,15127
Teresa Pearce,@tpearce003,Erith and Thamesmead,Labour,11498
Thangam Debbonaire,@ThangamMP,Bristol West,Labour,18714
Thelma Walker,@Thelma_WalkerMP,Colne Valley,Labour,6292
Toby Perkins,@tobyperkinsmp,Chesterfield,Labour,24351
Tom Watson,@tom_watson,West Bromwich East,Labour,287932
Tonia Antoniazzi,@ToniaAntoniazzi,Gower,Labour,8778
Tony Lloyd,@tony4rochdale,Rochdale,Labour,7280
Tracy Brabin,@TracyBrabin,Batley and Spen,Labour,24545
Tulip Siddiq,@TulipSiddiq,Hampstead and Kilburn,Labour,118350
Valerie Vaz,@Valerie_VazMP,Walsall South,Labour,4772
Vernon Coaker,@Vernon_Coaker,Gedling,Labour,22429
Vicky Foxcroft,@vickyfoxcroft,"Lewisham, Deptford",Labour,12807
Virendra Sharma,@VirendraSharma,"Ealing, Southall",Labour,15711
Wayne David,@WayneDavid_MP,Caerphilly,Labour,11434
Wes Streeting,@wesstreeting,Ilford North,Labour,47351
Yasmin Qureshi,@YasminQureshiMP,Bolton South East,Labour,18353
Yvette Cooper,@YvetteCooperMP,"Normanton, Pontefract and Castleford",Labour,234442
Yvonne Fovargue,@Y_FovargueMP,Makerfield,Labour,10166
Alistair Carmichael,@amcarmichaelMP,Orkney and Shetland,Liberal Democrat,14572
Christine Jardine,@cajardineMP,Edinburgh West,Liberal Democrat,7151
Edward Davey,@EdwardJDavey,Kingston and Surbiton,Liberal Democrat,21321
Jamie Stone,@Jamie4North,"Caithness, Sutherland and Easter Ross",Liberal Democrat,3644
Jo Swinson,@joswinson,East Dunbartonshire,Liberal Democrat,48377
Layla Moran,@laylamoran,Oxford West and Abingdon,Liberal Democrat,35811
Norman Lamb,@normanlamb,North Norfolk,Liberal Democrat,44691
Stephen Lloyd,@StephenLloydEBN,Eastbourne,Liberal Democrat,6317
Tim Farron,@timfarron,Westmorland and Lonsdale,Liberal Democrat,294041
Tom Brake,@thomasbrake,Carshalton and Wallington,Liberal Democrat,67056
Vincent Cable,@vincecable,Twickenham,Liberal Democrat,163338
Wera Hobhouse,@Wera_Hobhouse,Bath,Liberal Democrat,12526
Ben Lake,@BenMLake,Ceredigion,Plaid Cymru,4959
Hywel Williams,@HywelPlaidCymru,Arfon,Plaid Cymru,8110
Jonathan Edwards,@JonathanPlaid,Carmarthen East and Dinefwr,Plaid Cymru,11201
Liz Saville Roberts,@lsrplaid,Dwyfor Meirionnydd,Plaid Cymru,9940
Alan Brown,@AlanBrownSNP,Kilmarnock and Loudoun,Scottish National Party,9549
Alison Thewliss,@alisonthewliss,Glasgow Central,Scottish National Party,21861
Angela Crawley,@AngelaCrawley30,Lanark and Hamilton East,Scottish National Party,12167
Angus MacNeil,@AngusMacNeilSNP,Na h-Eileanan an Iar,Scottish National Party,31466
Brendan O'Hara,@BrendanOHaraSNP,Argyll and Bute,Scottish National Party,11405
Carol Monaghan,@CMonaghanSNP,Glasgow North West,Scottish National Party,16439
Chris Law,@ChrisLawSNP,Dundee West,Scottish National Party,15868
Chris Stephens,@ChrisStephens,Glasgow South West,Scottish National Party,13791
David Linden,@DavidLinden,Glasgow East,Scottish National Party,8214
Deidre Brock,@DeidreBrock,Edinburgh North and Leith,Scottish National Party,12503
Douglas Chapman,@DougChapmanSNP,Dunfermline and West Fife,Scottish National Party,11336
Dr Lisa Cameron,@DrLisaCameronMP,"East Kilbride, Strathaven and Lesmahagow",Scottish National Party,11833
Dr Philippa Whitford,@Dr_PhilippaW,Central Ayrshire,Scottish National Party,20782
Drew Hendry,@drewhendrySNP,"Inverness, Nairn, Badenoch and Strathspey",Scottish National Party,11728
Gavin Newlands,@GavNewlandsSNP,Paisley and Renfrewshire North,Scottish National Party,10631
Hannah Bardell,@HannahB4LiviMP,Livingston,Scottish National Party,19253
Ian Blackford,@IanBlackfordMP,"Ross, Skye and Lochaber",Scottish National Party,42016
Joanna Cherry QC,@joannaccherry,Edinburgh South West,Scottish National Party,53682
John Mc Nally,@JohnMcNallyMP,Falkirk,Scottish National Party,7418
Kirsty Blackman,@KirstySNP,Aberdeen North,Scottish National Party,17924
Marion Fellows,@marionfellows,Motherwell and Wishaw,Scottish National Party,9268
Martin Docherty-Hughes,@martinjdocherty,West Dunbartonshire,Scottish National Party,11386
Martyn Day,@MartynDaySNP,Linlithgow and East Falkirk,Scottish National Party,8636
Mhairi Black,@MhairiBlack,Paisley and Renfrewshire South,Scottish National Party,154480
Neil Gray,@NeilGrayMP,Airdrie and Shotts,Scottish National Party,11224
Patricia Gibson,@PGibsonSNP,North Ayrshire and Arran,Scottish National Party,10482
Patrick Grady,@GradySNP,Glasgow North,Scottish National Party,13498
Pete Wishart,@PeteWishart,Perth and North Perthshire,Scottish National Party,40972
Peter Grant,@PeterGrantMP,Glenrothes,Scottish National Party,12642
Ronnie Cowan,@ronniecowan,Inverclyde,Scottish National Party,10253
Stephen Gethins,@StephenGethins,North East Fife,Scottish National Party,16146
Stewart Hosie,@StewartHosieSNP,Dundee East,Scottish National Party,24710
Stewart Malcolm McDonald,@StewartMcDonald,Glasgow South,Scottish National Party,25191
Stuart C. McDonald,@Stuart_McDonald,"Cumbernauld, Kilsyth and Kirkintilloch East",Scottish National Party,10263
Tommy Sheppard,@TommySheppard,Edinburgh East,Scottish National Party,28796
Christopher Hazzard,@ChrisHazzardSF,South Down,Sinn Fein,12091
Elisha McCallion,@ElishaMcC_SF,Foyle,Sinn Fein,6326
Francie Molloy,@FrancieMolloy,Mid Ulster,Sinn Fein,6428
Michelle Gildernew,@gildernewm,Fermanagh and South Tyrone,Sinn Fein,15887
Mickey Brady,@MickeyBradySF,Newry and Armagh,Sinn Fein,4065
Órfhlaith Begley,@OrfhlaithBegley,West Tyrone,Sinn Fein,4739
Paul Maskey,@PaulMaskeyMP,Belfast West,Sinn Fein,14560
Angela Smith,@angelasmithmp,Penistone and Stocksbridge,The Independent Group,32147
Ann Coffey,@anncoffey_mp,Stockport,The Independent Group,19591
Anna Soubry,@Anna_Soubry,Broxtowe,The Independent Group,176760
Chris Leslie,@ChrisLeslieMP,Nottingham East,The Independent Group,48397
Chuka Umunna,@ChukaUmunna,Streatham,The Independent Group,374703
Gavin Shuker,@gavinshuker,Luton South,The Independent Group,20229
Heidi Allen,@heidiallen75,South Cambridgeshire,The Independent Group,75789
Joan Ryan,@joanryanEnfield,Enfield North,The Independent Group,18470
Luciana Berger,@lucianaberger,"Liverpool, Wavertree",The Independent Group,111852
Mike Gapes,@MikeGapes,Ilford South,The Independent Group,40471
Sarah Wollaston,@sarahwollaston,Totnes,The Independent Group,81565
